ID,First_Name,Last_Name,Grade,Expected_Graduation,Gender,School,Flag_FosterCare,Flag_EnglishLanguageLearner
986136,Jo,Bennet,9,2028,F,Green HS,0,0
121421,Jordan,Garfield,9,2028,F,Wood HS,0,0
222180,Karen,Garfield,9,2028,F,Green HS,0,0
4221,Val,Johnson,9,2028,F,Unified HS,0,0
17764,Jim,Halpert,9,2028,M,Unified HS,0,0
567785,Nellie,Bertram,10,2027,F,Wood HS,0,0
409786,Isabel,Poreba,10,2027,F,Unified HS,0,0
164078,Josh,Porter,10,2027,M,Unified HS,0,0
138542,Mose,Schrute,10,2027,M,Green HS,0,0
116,Helene,Beesly,10,2027,F,Wood HS,0,0
473448,David,Wallace,10,2027,M,Unified HS,0,1
783135,Kevin,Malone,10,2027,M,Unified HS,0,0
93007,Robert,California,11,2026,M,Green HS,0,0
152334,Holly,Flax,11,2026,F,Green HS,0,0
906838,Clark,Green,11,2026,M,Unified HS,0,0
329231,Pete,Miller,11,2026,M,Green HS,0,0
705860,Todd,Packer,11,2026,M,Wood HS,0,0
413254,Deangelo,Vickers,11,2026,M,Green HS,0,0
190387,Bob,Vance,11,2026,M,Wood HS,0,0
167071,Carol,Stills,11,2026,F,Green HS,0,0
740143,Charles,Miner,11,2026,M,Wood HS,0,0
319366,Tim,Canterbury,11,2026,M,Wood HS,0,0
306092,Dwight,Schrute,12,2025,M,Wood HS,0,0
297931,Michael,Scott,12,2025,F,Green HS,0,0
126364,Angela,Martin,12,2025,F,Wood HS,0,0
613172,Stanley,Hudson,12,2025,M,Wood HS,0,0
815114,Meredith,Palmer,12,2025,F,Green HS,0,1
936412,Ryan,Howard,12,2025,M,Wood HS,0,0
255674,Andy,Bernard,12,2025,M,Unified HS,0,0
930594,Pam,Beesly,12,2025,F,Green HS,0,0
131348,Kelly,Kapoor,12,2025,F,Green HS,0,0
158592,Phyllis,Vance,12,2025,F,Green HS,0,0
578701,Roy,Anderson,12,2025,M,Wood HS,0,0
489321,Darryl,Philbin,12,2025,M,Green HS,0,0
349393,Jan,Levinson,12,2025,F,Unified HS,0,0
662140,Toby,Flenderson,12,2025,M,Wood HS,0,0
240541,Creed,Bratton,12,2025,M,Unified HS,0,1
519474,Oscar,Martinez,12,2025,M,Unified HS,0,0
987506,Gabe,Lewis,12,2025,M,Unified HS,0,0
272762,Erin,Hannon,12,2025,F,Wood HS,1,0
556785,Devon,White,12,2025,M,Wood HS,0,0
871203,Lonny,Collins,12,2025,M,Unified HS,0,0
621001,Katy,Moore,12,2025,F,Green HS,0,0
92050,Robert,Lipton,12,2025,M,Wood HS,0,0
262969,Nate,Nickerson,12,2025,M,Unified HS,0,0
489650,Hank,Doyle,12,2025,M,Unified HS,0,0
131045,Cathy,Simms,12,2025,F,Green HS,0,0
889495,Zeke,Schrute,12,2025,M,Wood HS,0,0
917922,Esther,Breugger,12,2025,F,Unified HS,0,0
228721,David,Brent,12,2025,M,Green HS,0,0
124567,Alma,Padilla,9,2027,M,Green HS,0,0
813301,Keely,Payne,11,2028,M,Green HS,0,1
149453,Eleanor,Reilly,10,2025,F,Green HS,1,0
357619,Tyrone,Gonzales,12,2027,F,Unified HS,0,1
696362,Moses,Rios,10,2027,M,Unified HS,0,1
633717,Odette,Medina,11,2025,M,Unified HS,1,0
611676,Ray,Summers,11,2027,F,Wood HS,1,1
923538,Joel,Mccormick,10,2026,F,Wood HS,0,0
822445,Irma,Wilson,11,2026,M,Wood HS,0,0
711524,Hope,Haynes,10,2028,M,Green HS,1,0
477505,Emerald,Sandoval,10,2025,F,Green HS,0,0
134236,Desirae,Gross,11,2027,F,Green HS,1,0
456237,Uta,Newton,10,2025,M,Unified HS,0,1
774334,Karly,Acosta,10,2028,M,Unified HS,1,1
078082,Leo,Eaton,9,2026,F,Unified HS,0,0
795583,Mallory,Peterson,9,2025,F,Wood HS,1,0
183325,Aphrodite,Lambert,12,2027,M,Wood HS,0,0
489633,Rafael,Keith,10,2027,M,Wood HS,0,0
124854,Ina,Jackson,9,2027,F,Green HS,0,1
876380,Gannon,Holden,9,2027,F,Green HS,1,0
651481,Marsden,Carrillo,10,2026,M,Green HS,0,1
600691,Wyoming,Caldwell,9,2027,M,Unified HS,0,1
718475,Gavin,Goodman,10,2026,F,Unified HS,1,0
096370,Rahim,Roberson,11,2028,F,Unified HS,0,1
143437,Delilah,Strickland,12,2028,M,Wood HS,0,1
330137,Slade,Ward,11,2028,M,Wood HS,0,0
276872,Ria,Carey,10,2027,F,Wood HS,1,1
565234,Lenore,Hendrix,10,2027,F,Green HS,0,0
412664,Beck,Knowles,9,2026,M,Green HS,0,0
446516,Veronica,Rocha,12,2025,M,Green HS,1,1
127806,Deacon,Stephenson,9,2026,F,Unified HS,0,0
366194,Sharon,Stevenson,11,2028,F,Unified HS,1,1
742458,Ayanna,Drake,10,2026,M,Unified HS,0,1
818523,Heidi,Mckee,9,2025,M,Wood HS,0,0
917191,Stephanie,Watkins,10,2027,F,Wood HS,1,1
523440,Madaline,Acevedo,9,2027,F,Wood HS,1,1
959811,Lael,Harding,10,2027,M,Green HS,0,1
244229,Lane,Jordan,9,2026,M,Green HS,1,1
682565,Daphne,Green,10,2028,F,Green HS,1,0
829008,MacKensie,Townsend,11,2026,F,Unified HS,0,1
888014,Jena,Wright,11,2026,M,Unified HS,1,1
634757,Tanisha,Head,11,2026,M,Unified HS,0,1
215328,Erich,Hines,12,2027,F,Wood HS,0,0
233180,Drew,Hardin,9,2026,F,Wood HS,1,0
553137,Russell,Dixon,9,2026,M,Wood HS,1,1
822142,Chadwick,Macias,11,2028,M,Green HS,1,1
752422,Kamal,Mullins,10,2026,F,Green HS,0,0
177187,Fallon,Garza,12,2027,F,Green HS,1,1
980193,Conan,Joseph,10,2025,M,Unified HS,0,0
713205,Fuller,Davenport,9,2025,M,Unified HS,0,1
933157,Angelica,Ingram,12,2025,F,Unified HS,0,0
943643,Hasad,Roy,11,2026,F,Wood HS,1,0
772765,Victor,Knight,10,2027,M,Wood HS,1,0
588488,Yeo,Boone,10,2028,M,Wood HS,0,0
374004,Callum,Hammond,10,2026,F,Green HS,1,0
838585,Sebastian,Coleman,12,2026,F,Green HS,0,0
793888,Serena,Webb,9,2026,M,Green HS,1,1
616240,Yoko,Pacheco,11,2027,M,Unified HS,0,1
477449,Tyrone,Morales,12,2025,F,Unified HS,1,1
228445,Inga,Fuller,10,2027,F,Unified HS,0,0
869751,Ciara,Mcleod,9,2027,M,Wood HS,1,0
661510,Caesar,Bruce,12,2028,M,Wood HS,0,1
294154,Reuben,Freeman,10,2027,F,Wood HS,0,1
355316,Ezra,Ruiz,10,2025,F,Green HS,1,1
432738,Sonia,Padilla,12,2028,M,Green HS,1,0
504124,Ivan,Pena,12,2026,M,Green HS,0,0
204156,Kimberley,Pickett,12,2026,F,Unified HS,0,0
475825,Desiree,Miller,11,2026,F,Unified HS,0,1
676085,Adam,Marshall,11,2028,M,Unified HS,1,1
465698,Hyacinth,Leon,9,2027,M,Wood HS,0,0
848369,Farrah,Velazquez,11,2026,F,Wood HS,0,0
938289,Ora,Frost,11,2027,F,Wood HS,0,0
465476,Ignatius,Colon,10,2028,M,Green HS,0,0
637291,Lisandra,Estrada,10,2026,M,Green HS,1,0
334447,James,Kim,10,2028,F,Green HS,0,0
762638,Aurora,Morton,11,2026,F,Unified HS,1,1
547207,Camille,Mcdaniel,11,2026,M,Unified HS,1,1
625922,Shaine,Hurley,12,2027,M,Unified HS,0,0
361287,Caesar,England,9,2027,F,Wood HS,0,0
471481,Jerry,Glenn,9,2027,F,Wood HS,1,1
376558,Lillith,Kinney,11,2027,M,Wood HS,0,1
114313,Blossom,Huffman,10,2028,M,Green HS,0,0
283141,Ezekiel,Keller,12,2026,F,Green HS,1,1
020269,Nehru,Cain,11,2028,F,Green HS,1,1
388955,Ori,Castaneda,9,2026,M,Unified HS,1,0
426222,Quyn,Dale,12,2026,M,Unified HS,1,1
644386,Salvador,Cannon,10,2025,F,Unified HS,1,1
561155,May,Nixon,11,2025,F,Wood HS,0,0
846344,Beck,Rowland,10,2027,M,Wood HS,1,0
141641,Buffy,Hogan,11,2026,M,Wood HS,0,0
784914,Philip,Richmond,10,2025,F,Green HS,1,0
416908,Maya,Gross,10,2026,F,Green HS,1,1
187198,Bell,Parrish,12,2027,M,Green HS,1,0
333573,Hanae,Reyes,12,2028,M,Unified HS,0,1
559631,Jolie,Hampton,10,2027,F,Unified HS,0,1
844295,Tatiana,Webb,12,2027,F,Unified HS,0,0
050366,Raymond,Woods,10,2027,M,Wood HS,1,1
765846,Irma,Willis,11,2026,M,Wood HS,0,1
026271,Idola,Mack,11,2027,F,Wood HS,0,1
346228,Alvin,Hull,11,2026,F,Green HS,1,1
998587,William,Townsend,9,2027,M,Green HS,1,1
603944,Connie,Hanson,9,2028,M,Wood HS,0,0
591124,Adam,Trujillo,9,2026,M,Unified HS,1,1
538553,Steven,Harding,9,2026,M,Green HS,1,1
599865,Jennifer,Martinez,11,2028,M,Green HS,1,1
601812,Carrie,Nguyen,12,2028,M,Green HS,0,0
243847,John,Bruce,10,2028,M,Wood HS,0,0
774488,Leah,Schneider,11,2026,F,Green HS,0,0
855778,Patrick,Martinez,10,2026,F,Green HS,1,1
673550,Heather,Carter,9,2025,F,Green HS,0,1
624282,Kimberly,Pennington,12,2027,M,Green HS,0,1
372315,Andrea,Patterson,12,2027,M,Wood HS,1,1
191075,Julian,Lewis,12,2025,M,Green HS,1,0
328885,Sherri,Estrada,9,2026,M,Green HS,0,1
321589,Carlos,Li,10,2027,M,Unified HS,0,1
769183,Donna,Lane,9,2027,M,Wood HS,0,1
985354,Patricia,Duncan,9,2027,F,Green HS,0,1
788121,Melissa,Hill,12,2026,M,Wood HS,0,0
870080,Ryan,Estrada,12,2027,M,Unified HS,0,1
208704,Daniel,Garcia,11,2025,F,Unified HS,1,1
360265,Mitchell,Martinez,12,2027,M,Wood HS,0,0
132702,Rachel,Ingram,10,2026,F,Green HS,0,0
478932,Dustin,Sweeney,11,2028,M,Green HS,1,0
411588,Judith,Lane,11,2028,F,Green HS,0,0
470258,Christopher,Krueger,12,2026,M,Green HS,1,0
882011,Nathan,Miranda,9,2026,F,Green HS,0,1
454042,Travis,Nelson,11,2026,M,Green HS,0,0
935790,Michael,Marshall,12,2025,M,Unified HS,0,1
391309,John,Guerrero,10,2026,M,Unified HS,0,0
267620,Charles,Clark,12,2027,M,Green HS,0,0
461839,Dominique,Brown,11,2025,F,Unified HS,1,0
958173,Tanya,Collins,9,2027,F,Unified HS,0,1
324421,William,Aguilar,10,2028,F,Green HS,1,1
580478,Alan,Waller,11,2026,F,Green HS,0,1
509082,Sean,Parks,10,2027,M,Unified HS,1,0
296465,Ashley,Williams,11,2028,F,Unified HS,1,0
860122,Heather,Walker,10,2028,M,Unified HS,0,1
881155,Marie,Taylor,11,2025,M,Wood HS,1,0
191384,Emily,Butler,10,2027,M,Unified HS,0,0
146963,Charles,Baker,9,2026,F,Green HS,1,1
873888,Craig,Gardner,11,2026,M,Green HS,0,0
660949,Sandra,Brooks,12,2028,M,Unified HS,1,1
588553,Patricia,Burns,9,2025,F,Wood HS,1,1
158174,Lori,Adams,9,2026,F,Unified HS,1,1
145408,Matthew,Hartman,10,2027,M,Green HS,0,1
585550,Stephen,Berry,9,2026,F,Wood HS,1,0
643904,Lisa,Davis,9,2028,F,Green HS,0,0
227508,Robert,Armstrong,11,2027,F,Unified HS,0,1
444150,Brooke,Bernard,9,2027,M,Unified HS,0,1
911677,Timothy,Simpson,11,2027,F,Unified HS,1,1
302220,Rebecca,Collins,12,2025,M,Unified HS,0,1
701406,Mary,Walton,12,2027,M,Wood HS,0,1
669297,Michael,Pacheco,11,2027,M,Green HS,0,1
670326,Karen,Pineda,12,2027,M,Unified HS,1,1
366845,John,Rodriguez,12,2026,M,Green HS,1,0
585554,Nicholas,King,12,2028,M,Unified HS,0,1
669793,Robert,Shannon,11,2025,F,Unified HS,1,1
692141,Joseph,Gutierrez,12,2026,F,Wood HS,1,0
916538,Paul,Wilson,9,2025,F,Unified HS,1,1
487543,Olivia,Jarvis,10,2028,F,Green HS,0,0
370265,Timothy,Evans,9,2027,F,Green HS,0,0
572707,Desiree,Moreno,11,2026,F,Wood HS,1,1
236260,Paul,Murphy,12,2027,M,Green HS,0,0
240946,Luke,Romero,11,2026,M,Unified HS,1,1
165086,Joseph,Roman,11,2028,F,Unified HS,0,1
997247,Loretta,Stone,11,2028,M,Green HS,0,1
705753,Brandon,Cortez,12,2028,M,Wood HS,0,1
137926,Tony,West,12,2026,M,Green HS,0,1
803691,Jennifer,Blake,10,2026,F,Unified HS,1,0
392937,Lori,Erickson,9,2026,F,Unified HS,0,1
650680,Richard,Davis,9,2027,M,Green HS,1,0
783291,Roberto,Simmons,11,2027,M,Wood HS,1,1
775157,Daniel,Foster,10,2028,F,Green HS,1,1
330778,Anna,Jones,9,2027,M,Green HS,0,0
700287,Philip,Jones,12,2026,F,Wood HS,1,0
922323,Matthew,Luna,9,2026,M,Green HS,1,0
527795,James,Howell,11,2028,F,Unified HS,0,1
152917,Tracey,Howard,11,2028,M,Wood HS,1,1
412528,Robert,Wise,9,2027,M,Green HS,1,0
754289,Melissa,Cohen,12,2028,M,Wood HS,0,1
877697,Laura,Hardy,11,2025,M,Green HS,0,1
519478,Brandy,Swanson,11,2026,M,Green HS,1,0
987488,Shannon,Green,9,2027,M,Unified HS,1,1
344324,Ashley,Fernandez,9,2028,M,Green HS,0,1
621646,Kristen,West,12,2026,F,Green HS,0,1
942537,Megan,Pena,10,2027,F,Green HS,1,1
456046,Christopher,Bradford,12,2026,F,Green HS,0,0
233930,Shane,Moore,9,2025,F,Unified HS,0,0
525602,Joshua,Morgan,12,2025,M,Green HS,1,1
567828,Regina,Hardy,12,2026,M,Green HS,1,1
691419,Janet,Andrews,10,2028,M,Green HS,0,1
879444,Antonio,Robinson,10,2027,F,Green HS,0,1
274486,Christina,Mitchell,10,2025,F,Green HS,1,1
333853,Sally,Howard,10,2028,F,Green HS,0,1
593393,Robert,Gomez,12,2025,F,Unified HS,0,1
182270,Leah,Martinez,11,2026,F,Green HS,0,0
479560,Cory,Jones,9,2026,M,Unified HS,1,1
973447,Katelyn,White,9,2026,M,Wood HS,0,1
375616,Julie,Oneal,9,2027,F,Green HS,0,0
320006,Tiffany,Baker,10,2025,M,Wood HS,0,1
131956,Matthew,White,11,2025,M,Unified HS,0,0
185898,Kathy,Young,11,2027,F,Wood HS,0,1
916741,Cory,Reeves,12,2025,F,Green HS,1,0
923586,Shaun,Rodriguez,12,2026,M,Green HS,1,1
101420,Amber,Wallace,10,2026,M,Green HS,0,1
762274,Cameron,Bennett,11,2025,M,Green HS,1,1
686493,Sergio,Williams,12,2026,M,Green HS,0,1
674331,Henry,Cruz,12,2027,M,Wood HS,0,1
160095,Janet,Scott,10,2028,M,Green HS,0,1
471459,Daniel,Mccullough,12,2026,M,Unified HS,1,0
878195,Heidi,Estrada,10,2025,M,Wood HS,0,1
368933,Phillip,Watkins,10,2025,M,Unified HS,0,1
783304,Leah,Torres,9,2027,F,Wood HS,1,0
766339,William,Kirk,10,2026,M,Green HS,0,1
438245,Rachel,Ross,9,2028,F,Green HS,1,0
789219,Holly,Cooley,12,2027,F,Unified HS,0,0
716971,Tracie,Mccormick,11,2026,M,Wood HS,1,1
544235,Patrick,Sweeney,11,2026,M,Wood HS,1,1
834939,Kyle,Brown,11,2026,F,Unified HS,0,1
440356,Cynthia,Hawkins,11,2026,F,Green HS,0,0
993971,Patrick,Torres,9,2027,F,Green HS,1,1
759044,Andrew,Harvey,9,2027,F,Green HS,0,0
452489,David,Johnson,9,2027,M,Unified HS,0,1
571451,Kimberly,Foster,9,2027,M,Green HS,0,0
620076,Jennifer,Smith,10,2026,F,Unified HS,1,0
856166,Bonnie,Bowman,10,2027,M,Wood HS,0,1
606564,Barbara,Mclean,10,2025,F,Wood HS,1,1
457581,Randy,Mcpherson,9,2026,F,Green HS,1,1
848691,Megan,Valencia,9,2027,F,Unified HS,1,1
358874,April,Manning,9,2027,M,Wood HS,1,0
617276,Chad,Harris,12,2025,M,Unified HS,1,0
651442,Patrick,Gilbert,12,2025,F,Unified HS,1,0
787687,Kelly,Wheeler,10,2028,F,Wood HS,0,1
182200,Kelly,Werner,9,2025,M,Unified HS,0,1
401862,Jennifer,Griffin,12,2026,M,Wood HS,1,1
129519,Natalie,Robinson,10,2025,F,Wood HS,1,1
143813,Donald,Johnston,12,2025,F,Green HS,0,1
298954,Tyler,Bryant,10,2027,M,Unified HS,0,0
606037,Juan,Gonzalez,9,2026,M,Wood HS,0,0
169490,Michael,Roberson,12,2025,M,Unified HS,0,1
793760,Thomas,Duran,11,2026,F,Green HS,0,0
148733,Tiffany,Clark,9,2025,F,Unified HS,0,1
582379,Kristen,Nielsen,9,2027,M,Green HS,1,1
396768,Melissa,Fisher,9,2028,M,Wood HS,0,0
170444,Travis,Estrada,11,2026,M,Green HS,0,1
548968,Tammy,Jackson,9,2028,F,Wood HS,1,0
305724,Emily,Smith,10,2027,M,Wood HS,1,1
960630,Elizabeth,Smith,11,2028,F,Wood HS,0,0
940107,Steven,Thomas,11,2027,F,Wood HS,0,1
364271,Tyler,Baker,10,2027,F,Green HS,0,1
939703,Peter,Rivera,11,2028,F,Unified HS,0,0
919176,Joshua,Bright,11,2026,M,Wood HS,1,1
747523,William,Chavez,10,2028,F,Green HS,0,1
561907,Donna,Evans,12,2028,F,Unified HS,1,1
209808,Amanda,Cordova,10,2026,F,Unified HS,0,1
203520,Philip,Singleton,12,2025,M,Green HS,0,0
282029,Michelle,Myers,11,2026,F,Unified HS,1,0
997849,Willie,Davis,9,2027,F,Wood HS,1,0
496792,Lindsay,Best,9,2028,M,Green HS,0,1
920166,Jon,Pena,11,2025,F,Green HS,0,0
783375,Sara,Wolfe,12,2025,M,Unified HS,1,0
259055,Robert,Welch,10,2025,M,Wood HS,1,1
963199,Michael,Shaw,12,2026,M,Green HS,0,1
498458,Jeffery,Huerta,10,2025,M,Wood HS,0,0
395808,Christina,Rogers,11,2026,M,Wood HS,0,1
308045,Nancy,Miller,11,2028,M,Unified HS,1,0
616027,Matthew,Craig,10,2028,F,Green HS,1,0
489665,Rodney,Hall,11,2026,F,Unified HS,1,0
741672,Brandon,Gonzalez,9,2025,F,Unified HS,0,0
824969,Jonathan,Anderson,11,2026,M,Wood HS,1,1
762952,Brittney,Allen,11,2025,M,Wood HS,1,1
807675,Leslie,Chang,9,2027,F,Unified HS,1,0
360313,William,Drake,11,2028,F,Wood HS,0,1
424773,Emily,Merritt,12,2026,M,Unified HS,0,0
295582,Jennifer,Arias,12,2026,M,Wood HS,1,0
503511,Nancy,Soto,9,2026,F,Green HS,0,1
343279,Megan,Lester,9,2026,M,Unified HS,1,0
742799,Lindsey,Jensen,9,2026,M,Unified HS,1,0
398647,Richard,Nolan,9,2025,F,Unified HS,0,0
973151,Kristin,Ramirez,12,2028,M,Green HS,1,0
565826,Brian,Bryant,10,2025,F,Unified HS,0,0
485411,Andrew,Mitchell,11,2026,M,Unified HS,1,0
758262,Jason,Barber,11,2026,M,Wood HS,1,1
150513,Jennifer,Yang,9,2025,F,Green HS,0,0
449742,Benjamin,Young,11,2027,F,Green HS,1,1
275135,Heather,Bean,9,2028,F,Unified HS,1,0
213519,Erin,Steele,11,2028,F,Unified HS,1,1
537386,Dale,Henderson,9,2025,M,Green HS,0,0
346367,Lori,Ward,11,2026,F,Unified HS,0,1
567561,Madeline,Boyle,10,2026,M,Unified HS,0,0
958567,Andrew,Rivas,12,2028,M,Green HS,1,1
945493,Jessica,Burch,9,2026,M,Wood HS,1,1
636411,Marie,Clark,9,2025,M,Unified HS,0,1
932189,Lisa,Contreras,9,2025,M,Wood HS,1,0
731676,Benjamin,Young,12,2027,F,Green HS,0,0
482858,Vanessa,Hale,12,2027,M,Wood HS,0,0
865130,Lori,Thomas,10,2026,M,Green HS,0,1
497697,James,Miller,9,2025,F,Green HS,0,0
407353,James,Mason,12,2028,M,Unified HS,1,0
443815,Lori,Higgins,11,2025,M,Unified HS,1,1
158923,Douglas,Rose,10,2025,F,Green HS,0,1
101825,Marcus,Villanueva,9,2027,M,Wood HS,0,1
233286,Danielle,Martinez,10,2027,M,Wood HS,0,0
589252,Teresa,Harvey,12,2025,M,Green HS,0,1
276536,Mark,Miller,9,2028,M,Wood HS,1,1
527358,Jonathan,Potts,10,2028,M,Wood HS,1,0
746122,Christine,Price,9,2026,F,Wood HS,1,0
520550,Gregory,Torres,12,2028,F,Green HS,1,0
547463,Angela,Shannon,10,2028,M,Wood HS,1,0
686107,Jessica,Bailey,9,2027,M,Wood HS,0,1
503019,Christie,Harrison,9,2027,M,Unified HS,0,0
554305,Marcus,Franco,12,2028,M,Green HS,0,1
555430,Kevin,Pratt,10,2027,F,Green HS,1,1
817017,Steven,Glover,11,2026,F,Wood HS,1,0
964884,Cynthia,Harrison,12,2026,M,Green HS,0,0
276277,Jessica,Fernandez,10,2028,M,Wood HS,1,1
826005,Elizabeth,Kidd,9,2028,F,Wood HS,1,1
540616,Mary,Lopez,12,2028,M,Wood HS,1,1
761283,Brandon,Jones,9,2028,M,Unified HS,1,1
918197,Linda,Clarke,9,2025,M,Wood HS,1,0
578682,Vicki,Delacruz,9,2028,F,Green HS,0,0
773004,Deanna,Doyle,9,2027,M,Wood HS,0,1
652746,Jonathan,Finley,12,2028,M,Green HS,1,1
823727,Angela,Davis,9,2025,M,Green HS,1,1
795172,Antonio,Garza,10,2027,F,Unified HS,1,1
159543,Zachary,Ramos,9,2027,F,Wood HS,1,0
279045,Lydia,Sweeney,9,2027,M,Unified HS,0,1
468746,Elizabeth,Davidson,12,2025,M,Unified HS,0,1
702358,Heather,Miles,9,2026,M,Green HS,1,0
978832,Terrance,Jackson,12,2025,F,Unified HS,1,1
683143,Carrie,Miller,12,2028,M,Wood HS,0,0
545897,Paula,Norman,9,2028,F,Green HS,1,0
577722,Lisa,Hart,10,2028,M,Wood HS,1,0
535012,John,Stewart,12,2028,F,Unified HS,0,1
569098,Crystal,Nelson,11,2027,F,Green HS,0,1
176355,Ashley,Anderson,10,2026,M,Wood HS,0,0
956146,Lindsay,Sanders,10,2028,F,Unified HS,0,1
604705,Julie,Long,11,2028,M,Wood HS,1,0
854806,Carl,Griffin,9,2026,F,Wood HS,0,1
249923,Brent,Smith,9,2027,M,Unified HS,1,1
520726,Perry,Maxwell,11,2027,F,Green HS,0,0
936187,Jason,Stephenson,9,2025,M,Wood HS,1,1
367984,Pamela,Hall,10,2028,M,Green HS,0,1
167364,Anthony,Castro,9,2028,F,Unified HS,0,0
777290,Daniel,Foster,9,2028,M,Wood HS,0,0
959098,Matthew,Peters,12,2025,M,Unified HS,0,0
255485,Katherine,Arnold,9,2027,M,Unified HS,0,1
612047,Jennifer,Odonnell,12,2027,F,Unified HS,1,0
453199,Gary,Rose,11,2027,M,Unified HS,1,1
133564,Robert,Ross,10,2026,M,Unified HS,0,0
157389,Amy,Lopez,10,2025,F,Unified HS,1,0
238945,James,Gibbs,10,2027,F,Unified HS,1,0
538829,Michelle,Ray,10,2026,F,Unified HS,0,0
448940,Amy,Spencer,12,2025,M,Unified HS,0,1
549789,Nicholas,Richardson,9,2025,M,Green HS,1,0
308307,Michael,Fowler,9,2028,F,Wood HS,0,0
103934,Dylan,Houston,12,2028,F,Unified HS,1,0
990017,Jordan,Meyer,11,2027,M,Wood HS,0,1
419448,Jennifer,Murphy,11,2027,F,Unified HS,0,1
911293,Denise,Hunter,10,2026,M,Green HS,0,0
959832,Michelle,Hicks,12,2026,F,Wood HS,0,1
273976,Hannah,Rios,12,2027,F,Wood HS,1,0
763988,Kristin,Norton,11,2027,F,Green HS,1,0
688566,Brianna,Lewis,11,2027,F,Wood HS,0,0
289719,Carlos,Nelson,10,2028,F,Green HS,0,1
554896,Jimmy,Sanchez,10,2026,M,Green HS,1,1
916937,Alice,Stevens,10,2025,M,Unified HS,0,0
552158,Karen,Watson,10,2025,F,Green HS,0,1
290264,Michael,Heath,9,2025,F,Green HS,0,1
800617,Jessica,Watson,9,2027,F,Unified HS,0,1
689861,Sheila,Townsend,12,2025,F,Unified HS,1,0
665877,Jenna,Smith,11,2026,M,Unified HS,1,1
944126,Michael,Bridges,11,2026,M,Wood HS,1,0
490292,Jeffrey,Fletcher,11,2027,F,Unified HS,0,1
562995,Bailey,Moon,9,2025,F,Unified HS,0,0
119676,Tiffany,Daniels,9,2026,M,Wood HS,1,0
760557,Christopher,Martinez,9,2028,M,Unified HS,0,1
816399,David,Mccarthy,11,2025,M,Unified HS,0,1
471794,Amy,Green,10,2028,M,Wood HS,0,1
881883,David,Moore,10,2027,F,Unified HS,0,1
502220,John,Watson,9,2028,F,Green HS,0,0
718221,Stacy,Ford,9,2027,M,Green HS,0,0
523191,Nicholas,Arnold,11,2027,F,Unified HS,0,0
758631,Kristy,Acevedo,10,2027,F,Wood HS,0,1
776394,Amanda,Serrano,12,2027,M,Green HS,0,1
299376,Nicholas,Hubbard,12,2025,F,Unified HS,1,0
435281,Christine,Griffin,12,2028,M,Unified HS,1,1
174094,Deborah,Mcintosh,11,2028,M,Unified HS,1,1
906119,Tyrone,Lopez,11,2026,F,Unified HS,1,0
926434,Steven,Yu,11,2025,F,Green HS,0,0
618028,Stephanie,Aguirre,11,2027,M,Unified HS,0,0
524064,Brian,Petty,9,2028,M,Wood HS,1,0
211769,Thomas,Rosario,10,2027,F,Unified HS,0,1
346836,Jerry,Castro,10,2026,F,Unified HS,1,0
809192,Cathy,Perry,11,2026,M,Green HS,1,0
286666,Joel,Sanders,11,2025,F,Green HS,1,0
630714,Christopher,Davies,10,2028,F,Green HS,1,0
487055,Donald,Perkins,11,2027,F,Wood HS,1,0
275999,Katherine,Thomas,11,2028,F,Wood HS,0,1
427321,Kimberly,Price,12,2026,M,Unified HS,0,0
394276,Robert,Thomas,9,2026,F,Unified HS,1,1
322421,Jennifer,Frederick,11,2025,F,Green HS,1,1
143266,Jason,Tyler,12,2026,F,Wood HS,1,1
539883,Luis,Gray,9,2026,M,Green HS,0,1
124808,Chad,Johnson,12,2027,M,Green HS,1,1
193777,Kevin,Kramer,11,2026,F,Green HS,1,1
409484,Daniel,Graves,11,2028,M,Unified HS,0,0
834618,Sharon,Burke,10,2026,M,Green HS,0,1
207436,Sergio,Hunt,10,2025,M,Unified HS,1,0
850439,James,Johnson,10,2026,M,Unified HS,1,0
631608,Angela,Santana,9,2027,F,Wood HS,1,0
993674,Jeffrey,Moore,12,2028,M,Green HS,0,0
245669,Megan,Richardson,10,2026,M,Green HS,1,1
447542,Timothy,Wagner,10,2025,M,Wood HS,0,1
870739,Katrina,Rice,11,2025,F,Wood HS,0,1
481191,Eric,Jones,10,2027,F,Unified HS,0,1
487442,Shannon,Livingston,12,2025,M,Unified HS,0,1
315790,Amanda,Arias,12,2028,M,Unified HS,0,0
681077,Mark,Jennings,12,2025,M,Unified HS,1,0
351046,Charles,Norris,11,2026,F,Green HS,1,1
692015,Melissa,Yu,12,2025,M,Wood HS,1,0
475882,Jennifer,Higgins,12,2027,F,Green HS,0,0
887632,Debra,Delgado,10,2027,F,Green HS,0,1
750232,Tom,Gonzales,9,2025,F,Green HS,0,0
739784,Brenda,Wilson,9,2028,M,Unified HS,1,1
884564,Ian,Fletcher,12,2028,F,Unified HS,0,0
309386,Mary,Gonzalez,10,2027,F,Wood HS,0,1
589119,Michael,Wilson,11,2027,F,Unified HS,0,1
940145,Daniel,Garcia,10,2028,F,Unified HS,1,0
640062,Taylor,Robertson,11,2025,F,Wood HS,1,1
720482,Heidi,Marshall,10,2025,M,Wood HS,1,1
535618,Justin,Estes,10,2028,M,Wood HS,1,1
573599,Adam,Price,9,2026,F,Unified HS,0,0
980263,Paul,Cooper,9,2025,F,Green HS,0,1
826461,Matthew,Hartman,11,2028,M,Green HS,0,0
170438,Juan,Sanders,12,2028,M,Green HS,0,0
267504,Louis,Myers,10,2027,F,Green HS,1,1
515823,William,Thompson,12,2025,F,Unified HS,1,1
580136,Zachary,Rocha,9,2025,M,Green HS,0,0
853865,Wayne,Richards,9,2026,M,Green HS,1,0
578241,Kevin,Jones,10,2025,F,Green HS,1,1
284155,Timothy,Rogers,12,2028,F,Unified HS,0,1
254691,Samantha,Taylor,9,2028,M,Unified HS,0,0
223195,Jeffrey,Fisher,9,2026,M,Wood HS,0,1
324230,Catherine,Parker,11,2026,M,Green HS,1,0
580715,Mitchell,Orr,11,2028,F,Wood HS,1,1
152423,Randall,Gonzalez,12,2026,M,Wood HS,0,1
180162,Curtis,Foster,10,2028,M,Wood HS,1,1
488635,Theodore,Wade,11,2028,F,Unified HS,0,0
579729,Tonya,Mcconnell,10,2025,M,Green HS,0,1
992320,Emily,Williams,12,2026,M,Green HS,1,1
977888,Jessica,Mckinney,11,2025,F,Green HS,0,0
448827,Todd,Anderson,9,2027,F,Green HS,0,1
135109,Angelica,Martin,12,2028,F,Wood HS,0,1
381945,Joshua,Johnson,10,2026,M,Wood HS,1,0
677247,Jessica,Sherman,12,2028,F,Wood HS,1,0
504469,Lauren,Anderson,11,2027,M,Unified HS,0,1
523897,Jack,Mcpherson,12,2026,M,Green HS,1,1
828043,Stacy,Johnson,12,2026,F,Wood HS,1,1
168000,Sherri,Long,12,2027,M,Green HS,0,1
681992,Jessica,Nelson,10,2027,F,Unified HS,0,1
645331,Dorothy,Clark,10,2027,M,Unified HS,1,0
861799,Lisa,Nichols,11,2028,F,Unified HS,1,0
310742,Caitlin,Frey,9,2026,F,Wood HS,1,1
404601,Joseph,Smith,9,2026,F,Wood HS,0,0
329338,Sharon,Hernandez,10,2028,M,Wood HS,0,0
144177,Stephanie,Hopkins,12,2025,M,Unified HS,0,0
389472,Daniel,Kline,9,2028,M,Unified HS,0,0
798968,Mark,Kirk,9,2025,F,Green HS,0,0
368921,Lori,Peters,9,2026,M,Wood HS,0,1
447162,Miguel,Hernandez,11,2025,F,Wood HS,1,0
643381,Anna,Barrera,12,2025,M,Wood HS,0,0
734408,David,Torres,11,2026,F,Green HS,1,0
459057,Kevin,Mills,10,2027,F,Green HS,1,0
970645,Carrie,Gordon,12,2028,M,Wood HS,1,0
360908,Christine,Wilkins,11,2027,M,Green HS,1,1
988558,Juan,Peterson,12,2025,F,Wood HS,1,0
136099,Mandy,Stewart,12,2025,F,Green HS,1,1
374239,Michelle,Russo,12,2025,F,Unified HS,0,0
586158,Terri,Woods,12,2028,M,Unified HS,0,0
730724,Michael,Martin,10,2026,F,Green HS,1,0
697768,Thomas,Bryan,10,2028,M,Wood HS,0,1
386197,Judy,Day,12,2025,F,Unified HS,0,0
781427,Joshua,Nguyen,10,2027,F,Unified HS,0,0
283541,Matthew,Thomas,12,2027,M,Green HS,1,0
736011,Joseph,Brown,10,2028,F,Unified HS,0,0
868219,Michael,Salas,10,2026,M,Green HS,1,1
880153,Travis,Henson,12,2027,M,Unified HS,0,0
932340,Jessica,Johnson,10,2026,M,Green HS,0,1
639892,John,Watts,9,2028,M,Green HS,0,0
125918,Donald,Martinez,10,2028,F,Green HS,0,1
834232,Neil,Mcdaniel,11,2028,M,Green HS,0,0
957831,David,Woods,9,2025,F,Wood HS,0,0
817432,Katherine,Davis,12,2026,F,Wood HS,1,0
449956,Melissa,Anthony,10,2025,M,Unified HS,1,1
862036,James,Lynch,10,2025,F,Green HS,1,1
169607,Peter,Thompson,12,2026,F,Green HS,0,0
616487,Angela,Carpenter,12,2027,M,Unified HS,0,0
365790,Jonathan,Williams,11,2027,M,Green HS,0,1
350624,Kathleen,Marquez,11,2026,M,Green HS,1,1
455374,Veronica,Torres,9,2026,M,Wood HS,1,0
196420,Stephanie,Christensen,10,2026,M,Green HS,0,0
722464,Frederick,Lee,12,2026,M,Wood HS,1,1
210973,Benjamin,Allison,10,2025,F,Wood HS,0,0
203806,Eric,Burke,12,2026,M,Unified HS,0,1
914005,Deanna,Hebert,9,2027,M,Wood HS,0,0
515527,Frank,Banks,12,2028,F,Unified HS,0,1
469022,Ashley,Schroeder,9,2027,M,Wood HS,0,1
579142,Michael,Santiago,9,2026,F,Unified HS,1,0
924363,Erin,Vasquez,10,2026,M,Unified HS,1,1
771941,Donna,Golden,12,2028,F,Wood HS,1,1
497534,Latoya,Vargas,9,2027,F,Green HS,0,1
482668,Kayla,Jensen,9,2026,F,Wood HS,1,0
471533,Tina,Gibbs,10,2026,M,Green HS,0,0
292367,Courtney,Taylor,11,2028,F,Unified HS,0,1
699162,Timothy,Lowe,12,2025,M,Unified HS,1,0
937042,Sharon,Mcdaniel,11,2026,F,Unified HS,0,1
804496,Samantha,Macdonald,11,2028,F,Green HS,1,1
503636,Ashley,Rojas,10,2027,F,Wood HS,0,1
373726,Kristopher,Swanson,12,2025,M,Unified HS,1,1
680571,Aaron,Johnson,12,2025,M,Green HS,0,1
380172,Sandra,Johnson,9,2026,M,Wood HS,1,0
544756,Michael,Lowery,9,2025,F,Wood HS,0,1
235409,Natasha,Gonzalez,10,2027,F,Unified HS,1,1
496948,Joshua,Haas,9,2028,M,Green HS,1,0
497243,Alyssa,Santos,12,2028,M,Green HS,1,0
186247,Christian,Villarreal,9,2027,M,Green HS,0,0
927122,Amber,Farmer,12,2027,F,Unified HS,0,1
639824,Jeffrey,Smith,12,2026,F,Green HS,1,1
906025,Brenda,Mcdonald,10,2026,F,Green HS,0,1
491118,Frank,Brewer,12,2025,M,Green HS,0,0
724474,Sarah,Burns,12,2025,F,Wood HS,1,0
129080,Meredith,Lewis,10,2028,M,Green HS,0,1
384810,Philip,Ruiz,10,2027,F,Green HS,0,1
191097,Amber,Dillon,10,2025,F,Unified HS,0,0
468205,Ryan,Riggs,9,2025,F,Unified HS,0,1
288824,Jennifer,Brown,11,2028,M,Green HS,1,1
327680,Karen,Pena,12,2028,M,Wood HS,0,1
501693,Laura,Norton,11,2026,M,Green HS,0,1
707020,Steve,Martin,9,2025,M,Green HS,0,1
481719,Stephanie,Walker,10,2027,F,Unified HS,1,1
339680,Troy,Cohen,12,2027,F,Unified HS,0,0
773773,Zachary,Price,9,2025,F,Wood HS,0,0
914126,Jeff,Compton,11,2025,F,Unified HS,0,1
729402,William,Vaughn,12,2027,M,Unified HS,0,0
374118,Catherine,Ballard,9,2026,F,Wood HS,1,0
982168,Anna,Chambers,9,2026,M,Wood HS,1,0
807673,Stephanie,Johnson,12,2025,F,Wood HS,1,0
556848,Peggy,Lee,10,2025,M,Wood HS,0,1
390380,Chad,Wilkerson,11,2028,F,Green HS,1,0
824375,Christopher,Scott,10,2026,M,Green HS,1,0
363713,Maria,Mercer,12,2027,F,Unified HS,0,1
775276,Joseph,Martinez,9,2026,M,Unified HS,1,0
334852,Ashley,Holmes,11,2026,F,Wood HS,0,1
179939,Alexis,Miller,9,2027,F,Wood HS,1,1
358362,Shawn,Walters,9,2026,M,Unified HS,1,0
433449,Todd,Hull,11,2027,M,Wood HS,1,0
774344,James,Hale,11,2026,F,Green HS,1,0
815800,Brandy,Davila,9,2027,F,Green HS,1,1
540214,Kendra,Gonzalez,11,2025,F,Green HS,0,0
121113,William,Cervantes,12,2027,M,Wood HS,1,0
415195,Joanna,Ortiz,10,2026,M,Wood HS,1,1
113390,Teresa,Kelly,9,2026,M,Wood HS,0,0
196572,Cassandra,Black,11,2025,M,Unified HS,1,0
615225,Eric,Chen,11,2027,M,Wood HS,1,0
690938,Colleen,Peterson,9,2027,F,Unified HS,0,1
150708,Alexis,Thomas,10,2027,M,Wood HS,1,0
150754,Jacqueline,Kelly,9,2027,F,Unified HS,0,0
880422,Dalton,Morgan,9,2027,M,Unified HS,0,1
246235,Danny,Martin,11,2026,M,Unified HS,0,1
405909,Michael,Gibson,10,2026,F,Wood HS,1,0
963462,Micheal,Hickman,9,2026,F,Unified HS,0,0
653451,Cindy,Kerr,9,2028,M,Wood HS,1,1
654494,Maxwell,Gonzales,9,2025,F,Green HS,1,1
200965,Jacob,Lewis,10,2028,F,Green HS,1,1
627575,Daniel,Douglas,12,2028,F,Wood HS,0,1
802189,Joseph,Mosley,10,2025,M,Unified HS,1,0
276729,Matthew,Medina,11,2028,M,Green HS,1,0
274223,Elizabeth,Holland,9,2027,F,Green HS,0,1
889532,Kevin,Ellison,12,2026,F,Wood HS,1,1
402257,George,Ramos,11,2027,M,Wood HS,1,1
284767,Alexander,Powell,12,2027,F,Green HS,1,0
636621,Cassandra,Williams,12,2026,M,Unified HS,1,0
223792,Andrew,Butler,9,2026,F,Green HS,0,0
964595,Sergio,Gaines,11,2026,M,Green HS,1,1
784979,Cynthia,Hall,12,2028,F,Unified HS,0,0
499018,Meredith,Montoya,11,2028,M,Green HS,0,1
772479,Adam,Stevens,12,2027,M,Unified HS,1,0
425318,Jessica,Hernandez,11,2028,M,Wood HS,0,1
653196,Nicole,Hernandez,12,2027,M,Green HS,0,0
153786,Larry,Ramirez,11,2027,M,Green HS,1,1
949240,Catherine,Griffin,11,2028,M,Green HS,0,0
102548,Ashley,Vaughan,11,2028,M,Wood HS,1,0
377371,Michael,Black,11,2026,M,Wood HS,0,0
353484,Calvin,Fleming,11,2027,F,Unified HS,0,1
672091,Derrick,Vang,10,2027,F,Wood HS,1,1
180723,Andrea,Duncan,10,2027,F,Unified HS,0,0
240426,Gordon,Robles,12,2025,F,Unified HS,0,0
634783,Katelyn,Smith,10,2028,F,Wood HS,1,0
794443,Drew,Lynn,11,2025,M,Unified HS,0,1
503583,Adrian,Gregory,12,2026,F,Green HS,0,0
119368,Amy,Mcpherson,11,2027,F,Wood HS,0,0
649551,Robert,Stevens,10,2028,M,Green HS,0,1
951011,Manuel,Hawkins,9,2025,F,Wood HS,1,1
698972,Connor,Brown,11,2026,F,Green HS,0,0
556112,Stephanie,Parker,10,2026,F,Wood HS,1,1
613937,Valerie,Love,11,2025,M,Wood HS,1,0
816757,Brandon,Miller,11,2027,M,Wood HS,0,0
684830,Rachel,Livingston,12,2027,M,Unified HS,0,0
930827,Susan,Elliott,11,2027,M,Green HS,0,0
856299,Lauren,Cox,12,2025,M,Green HS,1,1
795774,Michael,Smith,11,2027,F,Wood HS,0,0
253480,Joshua,Brooks,9,2026,F,Green HS,1,1
714562,Deborah,Hall,11,2028,M,Wood HS,1,0
679363,Teresa,Hill,11,2026,F,Green HS,0,1
767105,Cory,Woods,10,2027,M,Unified HS,0,1
383405,Darrell,Paul,12,2025,M,Green HS,0,1
569302,Cynthia,Adams,11,2028,M,Unified HS,0,0
203932,Deborah,Keller,11,2027,F,Green HS,0,0
214693,Corey,Thomas,9,2028,M,Unified HS,1,1
217508,Robert,Lee,12,2026,F,Wood HS,0,0
319974,Laura,Lewis,9,2026,F,Green HS,1,1
678280,William,Bennett,12,2025,M,Unified HS,0,1
650419,Andrew,Perez,9,2027,F,Green HS,1,0
424664,Christina,Johnson,10,2025,M,Unified HS,1,1
559307,Kristina,Friedman,11,2026,F,Green HS,1,0
558603,Joel,Alvarez,11,2028,M,Wood HS,1,0
772170,Calvin,Alvarado,11,2025,M,Unified HS,1,0
360279,Elizabeth,Warren,11,2026,M,Green HS,0,0
635936,Kevin,Morales,12,2025,M,Green HS,1,1
455575,William,Evans,9,2025,M,Green HS,1,0
535329,Gregory,Wright,11,2028,F,Wood HS,1,0
760167,Rachel,Martin,10,2025,M,Unified HS,1,1
500242,Austin,Edwards,9,2025,M,Green HS,0,1
967108,Nancy,Morales,10,2026,F,Wood HS,0,0
645069,Brenda,Gallagher,12,2025,F,Unified HS,0,1
387222,Christopher,Lowery,11,2026,M,Green HS,1,0
814206,Sherry,Gordon,9,2025,M,Wood HS,1,1
277559,Emma,Lewis,9,2027,F,Wood HS,1,0
146932,Joseph,Wilson,11,2027,M,Unified HS,1,0
731340,Lawrence,Miller,12,2028,F,Green HS,1,1
571577,Katherine,Mack,11,2026,M,Unified HS,1,0
971388,Ashley,Franklin,12,2026,M,Green HS,0,0
699808,Daniel,Marquez,10,2027,F,Unified HS,0,1
391371,Dawn,Anderson,11,2028,F,Wood HS,0,1
555981,Richard,Riggs,10,2025,F,Green HS,0,1
709522,Chelsea,Sutton,11,2028,M,Wood HS,0,0
527677,Michael,Williams,11,2028,F,Unified HS,1,0
254948,Eric,Brown,12,2026,F,Green HS,1,0
643971,Martha,Wade,11,2027,M,Unified HS,1,0
571558,Mitchell,Davis,12,2027,F,Green HS,1,1
866668,Catherine,Gregory,10,2028,M,Wood HS,0,1
941732,Michael,Powers,11,2027,F,Green HS,1,1
828009,Amy,Edwards,10,2027,F,Wood HS,1,1
961479,Sara,Klein,10,2028,F,Unified HS,1,0
932007,Jessica,Stevenson,9,2025,M,Unified HS,0,1
845193,Brenda,Smith,11,2027,M,Green HS,1,0
509948,Jennifer,Salazar,11,2025,M,Wood HS,0,1
864676,Charles,Curtis,9,2028,F,Green HS,0,0
264069,Edward,Martin,10,2028,F,Wood HS,1,0
609319,Kirsten,Elliott,11,2025,M,Wood HS,0,0
522731,Deanna,Sutton,12,2027,M,Green HS,0,0
904516,Jonathan,Osborne,12,2028,F,Wood HS,1,1
299210,Kelly,Mcconnell,9,2028,F,Unified HS,1,1
433441,Deanna,Barnes,10,2028,M,Wood HS,0,0
969350,Derrick,Davis,9,2025,F,Unified HS,0,1
588026,Bryan,Hodges,12,2026,F,Wood HS,1,1
161219,Shawn,Reynolds,10,2025,F,Green HS,0,0
760513,Lori,Williams,12,2028,M,Unified HS,1,0
981555,Paul,Contreras,9,2028,F,Green HS,0,0
623550,Elizabeth,Parker,10,2027,F,Unified HS,1,1
233232,Cheyenne,Marshall,12,2027,M,Wood HS,0,1
114497,Sandra,Robinson,12,2028,M,Unified HS,1,1
914893,Nathan,Rodriguez,11,2027,M,Unified HS,1,0
544751,Wayne,Anderson,10,2026,F,Unified HS,1,0
154142,Cheryl,Price,11,2027,M,Wood HS,1,1
983138,Christopher,Cooper,11,2028,F,Unified HS,0,1
926831,John,Williamson,11,2026,M,Wood HS,1,1
802561,Jason,Williams,9,2028,M,Green HS,1,1
492065,Chad,Castillo,10,2027,F,Wood HS,1,0
881311,Anthony,Hoffman,10,2028,M,Unified HS,0,1
288500,Rachel,Jones,9,2027,M,Green HS,1,0
451044,Deanna,Cox,11,2027,M,Unified HS,1,1
503750,Clifford,Wilson,12,2026,M,Wood HS,1,0
179234,Jane,Sloan,9,2025,M,Unified HS,1,1
889606,Michele,Smith,11,2025,F,Wood HS,1,0
674383,Christopher,West,11,2028,F,Unified HS,0,1
975676,Stephanie,Lee,12,2026,M,Green HS,1,1
580910,David,Herrera,12,2025,F,Green HS,0,0
210543,Edwin,Smith,10,2028,F,Green HS,0,0
247301,Alyssa,Weaver,9,2026,F,Wood HS,0,0
755015,Matthew,Cortez,11,2026,M,Green HS,0,0
653436,James,Estes,11,2027,M,Green HS,0,0
113954,Tyler,Combs,10,2026,F,Wood HS,0,1
553826,Amy,Bond,10,2028,M,Wood HS,0,0
506792,Shane,Bond,12,2026,F,Green HS,0,1
478590,Dennis,Scott,11,2027,F,Unified HS,1,1
317266,Brandon,Hunt,11,2026,M,Wood HS,0,1
452296,Isaac,Lyons,9,2026,M,Wood HS,1,1
419703,Stephanie,Guerra,10,2028,M,Unified HS,1,0
457304,Patricia,Simmons,11,2028,F,Green HS,1,1
574015,Steven,Johnson,11,2025,M,Unified HS,0,1
551797,Dawn,Martin,11,2028,M,Wood HS,1,0
344766,Stephen,Beard,9,2026,F,Unified HS,0,0
385469,Dennis,Dennis,9,2028,M,Unified HS,0,1
275436,Jonathan,Wolf,9,2026,F,Green HS,1,0
668121,Rachel,Collins,12,2025,F,Unified HS,0,0
385834,Timothy,Beard,10,2028,M,Unified HS,0,1
194434,David,Scott,9,2026,F,Unified HS,1,0
593908,Elizabeth,Powers,10,2027,F,Unified HS,1,1
806700,Jennifer,Jones,9,2028,M,Green HS,1,0
246834,Theresa,Bell,11,2028,M,Unified HS,0,1
514676,Andres,Carter,11,2028,F,Wood HS,0,0
853207,Juan,Cooper,10,2028,F,Unified HS,0,0
319131,Laura,Galvan,9,2025,M,Green HS,0,1
879836,Joshua,Bishop,11,2027,F,Wood HS,1,1
509129,Dawn,Reyes,11,2028,F,Green HS,0,0
361496,Jeffrey,Shepherd,9,2026,F,Wood HS,1,1
927847,John,Warren,12,2027,F,Wood HS,0,1
439692,Allen,Shaw,12,2025,M,Wood HS,0,0
256928,Rebecca,Gomez,12,2026,M,Green HS,0,1
294003,Jessica,Schwartz,12,2025,F,Wood HS,0,1
856322,Peter,Brewer,12,2026,M,Unified HS,1,0
284982,Amy,Ballard,11,2027,M,Unified HS,0,0
383406,Jason,Tucker,9,2027,F,Green HS,1,1
459199,Charles,Johnson,10,2027,F,Unified HS,0,0
972475,Nicole,Richardson,11,2025,F,Unified HS,0,1
991466,Jeffrey,Dixon,10,2028,M,Unified HS,0,1
676606,Christopher,Meyers,12,2027,F,Green HS,0,1
970962,Kathryn,Castillo,9,2027,M,Unified HS,0,1
603508,Martin,Pope,10,2025,F,Wood HS,1,0
466771,Benjamin,Peterson,11,2028,M,Wood HS,0,0
189345,Megan,Hall,12,2025,M,Wood HS,0,0
276652,Sarah,Montes,10,2025,F,Wood HS,1,1
876502,Robert,Turner,10,2028,M,Unified HS,0,1
413420,Brittney,Solomon,12,2028,F,Green HS,1,0
223995,William,King,10,2026,F,Green HS,0,1
555926,Robert,Mercado,12,2027,F,Wood HS,1,0
659093,Stephen,Thomas,11,2025,F,Green HS,0,1
285051,Kelly,Thomas,12,2028,F,Unified HS,1,0
689421,Ricky,Chavez,12,2027,M,Green HS,1,0
840466,Matthew,Richardson,12,2028,F,Wood HS,0,0
819600,Wesley,George,12,2025,M,Green HS,0,0
461102,Leonard,Tran,12,2027,M,Unified HS,0,0
978193,Ryan,Trevino,12,2027,F,Green HS,1,0
160915,Paul,Mooney,12,2026,M,Wood HS,1,1
240565,Wendy,Jones,10,2028,M,Green HS,0,0
444509,Michael,Dunn,10,2025,F,Wood HS,1,1
735556,Stephen,Goodman,9,2026,M,Wood HS,1,0
773760,Jeremy,Vasquez,9,2027,F,Green HS,0,1
575129,Steve,Martinez,10,2025,M,Wood HS,1,0
694978,Joseph,Hunt,12,2028,F,Unified HS,0,1
829296,Nicole,Jones,11,2026,F,Wood HS,1,0
360477,Francisco,Miles,11,2026,F,Green HS,0,1
596142,Leroy,Schaefer,12,2025,F,Green HS,0,0
653328,Miguel,Holmes,9,2025,M,Green HS,0,1
194100,Stephen,Rivera,10,2026,M,Wood HS,1,1
677604,Jessica,Jones,12,2025,F,Wood HS,0,1
654811,Melissa,Banks,9,2025,F,Green HS,0,0
422716,Vincent,Austin,9,2026,M,Unified HS,1,1
373240,Anthony,Smith,10,2027,M,Green HS,1,1
615669,Edward,Koch,10,2028,F,Wood HS,0,1
399018,Bryan,Bennett,12,2028,F,Green HS,0,0
100322,Tracey,Harrington,11,2025,M,Wood HS,0,1
755095,Patrick,Boyer,11,2025,F,Wood HS,1,0
299980,Carol,Brown,9,2027,F,Wood HS,1,0
333983,Daniel,Nelson,12,2027,M,Wood HS,0,0
367541,Natasha,Phelps,11,2027,F,Green HS,0,1
599425,Elizabeth,Garcia,11,2028,F,Unified HS,0,1
642956,Michael,Johnson,9,2025,M,Wood HS,1,1
293129,Derrick,Nelson,11,2025,F,Unified HS,0,1
227939,Jennifer,Smith,10,2027,F,Wood HS,1,1
703136,Terry,Russell,11,2028,F,Wood HS,0,1
176958,Tammy,Blake,12,2027,M,Wood HS,1,0
184410,Justin,Welch,10,2028,F,Wood HS,1,1
797351,Melissa,Haney,9,2025,F,Unified HS,0,0
472952,Anna,Jacobs,11,2025,M,Green HS,1,1
156033,Amy,Armstrong,10,2026,M,Unified HS,0,1
588171,Deborah,Mccoy,12,2028,M,Green HS,1,1
621616,Mary,Cooper,9,2026,F,Wood HS,1,0
743368,David,Solis,10,2026,M,Green HS,0,1
772232,Joshua,Foster,10,2026,M,Green HS,0,0
330700,Jeffery,Norris,9,2025,M,Wood HS,0,1
206083,Glenn,Brown,9,2026,M,Green HS,1,1
738653,Charles,Thomas,11,2026,F,Unified HS,0,0
633360,Anthony,Mullen,10,2025,M,Wood HS,0,1
414365,Emily,Washington,9,2028,F,Unified HS,1,0
436603,Catherine,Carrillo,11,2026,M,Green HS,1,0
683080,Daniel,Carroll,12,2025,F,Unified HS,0,0
199554,Patrick,Allen,12,2026,M,Unified HS,1,1
867580,Christina,Huff,10,2028,F,Unified HS,0,0
378497,Michelle,Ramirez,9,2028,M,Wood HS,0,1
161995,Catherine,Mcguire,10,2026,F,Wood HS,1,1
402360,Tina,Wong,11,2027,M,Unified HS,0,1
736635,Kristen,Young,9,2025,F,Unified HS,0,0
975062,Debra,Simpson,9,2026,F,Unified HS,0,1
854510,Kayla,Deleon,10,2026,F,Green HS,1,0
873687,Amanda,Nash,12,2027,M,Unified HS,0,0
599286,Elizabeth,Shaw,10,2027,M,Unified HS,1,0
259637,Hannah,West,9,2027,M,Green HS,0,1
889433,Alison,Hall,10,2025,M,Unified HS,1,0
805286,John,Clements,10,2025,M,Wood HS,1,1
344162,Jacob,Lee,12,2026,F,Unified HS,0,1
178939,Jenna,Smith,11,2026,F,Green HS,1,1
181111,Anita,Roberts,9,2025,F,Wood HS,0,0
687230,Carlos,Walton,11,2027,M,Wood HS,0,1
792942,Riley,Conley,12,2025,F,Green HS,0,0
122953,Linda,Hanna,11,2027,F,Wood HS,0,1
487621,Cheyenne,Martinez,10,2028,M,Unified HS,0,0
495751,Laurie,Ross,11,2027,M,Green HS,0,0
274348,Jesse,Oconnor,12,2026,M,Wood HS,0,0
128417,Kristina,Cooper,10,2028,F,Unified HS,1,1
699615,Madeline,Goodwin,12,2025,M,Green HS,0,1
261378,Nathan,Green,12,2026,M,Unified HS,0,1
464057,Gregory,Wilson,9,2028,M,Unified HS,1,0
231643,Kurt,Grant,10,2025,F,Unified HS,1,1
632411,Karen,Hall,11,2026,M,Green HS,1,0
741011,Jonathan,Robertson,12,2028,M,Green HS,0,1
242187,Breanna,Hamilton,10,2027,F,Green HS,0,1
843107,Benjamin,Williams,12,2026,M,Unified HS,0,0
837156,Joseph,Lee,10,2027,M,Green HS,1,0
265820,William,White,10,2028,F,Green HS,0,1
215308,Mathew,Smith,11,2027,F,Unified HS,1,1
510625,Matthew,Byrd,9,2025,M,Unified HS,1,1
980959,Charles,Ayers,11,2026,M,Wood HS,0,1
676351,Bradley,Manning,12,2026,M,Green HS,0,1
185189,Diane,Hopkins,10,2026,M,Wood HS,0,0
842614,Catherine,Gomez,12,2028,M,Green HS,1,1
689671,Ashley,Sanders,9,2026,M,Wood HS,0,0
997418,Franklin,Warren,9,2026,F,Green HS,1,1
627690,Elizabeth,Scott,10,2028,M,Green HS,0,1
960437,Joe,White,12,2028,F,Unified HS,0,0
496696,Jesse,Gardner,10,2026,F,Wood HS,0,1
236901,Gary,Odonnell,10,2025,F,Unified HS,0,1
417391,Mark,Alexander,11,2028,M,Green HS,1,0
377332,William,Steele,10,2028,F,Green HS,0,0
519593,Brittany,Nunez,11,2025,F,Green HS,1,1
180694,Wendy,Goodwin,10,2025,M,Wood HS,0,0
839073,Gina,Little,9,2027,M,Green HS,0,0
364528,Megan,Salinas,12,2025,F,Wood HS,0,1
529825,Michelle,Meyer,11,2028,F,Wood HS,1,0
170353,Laura,Lewis,9,2027,F,Wood HS,0,1
186923,Marcus,Church,10,2026,F,Unified HS,1,1
512433,Scott,Greene,10,2027,M,Wood HS,1,0
867975,John,Neal,12,2025,M,Green HS,0,1
624125,Andrew,Duncan,9,2026,F,Green HS,0,1
574194,Pamela,Flores,12,2025,F,Wood HS,0,0
276250,Jody,Charles,11,2025,M,Wood HS,1,0
383873,Tracy,Robinson,9,2027,F,Unified HS,1,1
325509,Christian,Garcia,10,2025,F,Wood HS,0,0
931207,Samantha,Miller,9,2025,F,Green HS,0,1
664551,Susan,Martin,10,2027,M,Unified HS,0,1
791653,Michelle,Leblanc,11,2028,M,Unified HS,0,0
170194,Victoria,Tran,12,2025,F,Wood HS,0,1
526636,Kyle,Williams,11,2027,F,Unified HS,1,1
664017,Alyssa,Frazier,12,2028,M,Unified HS,1,1
831675,Ronald,Callahan,9,2025,M,Unified HS,0,1
814964,Alexander,Lynn,12,2028,M,Unified HS,1,1
192837,Alison,Mills,12,2025,F,Green HS,1,1
777127,Rebecca,Lyons,9,2027,M,Green HS,0,0
174903,Theresa,Ferguson,9,2028,F,Green HS,1,0
695351,Raymond,Carter,10,2027,F,Green HS,0,1
655098,Tyler,Lopez,12,2025,F,Unified HS,1,0
300133,Grant,Williams,10,2027,M,Green HS,1,1
398900,Amanda,Cortez,12,2028,M,Unified HS,0,0
594209,Taylor,Logan,11,2026,F,Green HS,0,1
267820,Diane,Schneider,10,2028,F,Wood HS,0,0
812427,Michael,King,12,2028,M,Wood HS,1,1
332301,Dylan,Baker,10,2026,M,Unified HS,1,0
388817,Kyle,Murillo,9,2027,M,Green HS,0,0
637336,John,Juarez,12,2028,M,Green HS,0,1
821066,Veronica,Anderson,12,2027,M,Unified HS,0,1
135385,David,Miller,9,2027,M,Green HS,1,1
528255,Andrea,Gates,12,2027,F,Unified HS,0,1
151664,Theresa,Joyce,12,2025,M,Wood HS,0,0
623811,Kristine,Myers,9,2025,F,Green HS,1,0
851140,Timothy,Gross,10,2026,M,Unified HS,1,1
461507,Traci,Lee,9,2025,F,Wood HS,1,0
589170,Jasmine,Oliver,9,2026,M,Wood HS,0,0
723510,Scott,Wilson,11,2026,M,Wood HS,0,1
936401,Timothy,Kelly,9,2026,F,Green HS,0,1
161383,Savannah,Monroe,11,2027,F,Unified HS,0,1
135272,Jessica,Fuller,12,2025,F,Wood HS,0,1
121819,Suzanne,Collins,10,2027,F,Green HS,0,0
585830,Tammy,Wilson,10,2027,M,Wood HS,1,0
728247,Anthony,Spencer,12,2028,F,Green HS,1,0
611631,Joshua,Taylor,12,2028,M,Wood HS,1,1
549260,Amanda,Mcconnell,10,2025,M,Unified HS,0,0
463450,Anthony,Duncan,11,2028,F,Unified HS,1,0
689412,Timothy,Phillips,11,2025,F,Unified HS,0,0
850505,Douglas,Sandoval,11,2028,M,Unified HS,0,0
309643,Heidi,Joyce,12,2025,M,Wood HS,0,0
596115,Wanda,Mcdonald,9,2026,F,Wood HS,1,1
617047,Scott,Burns,10,2027,F,Green HS,0,1
181172,Brian,Estrada,10,2027,M,Wood HS,1,1
198711,Julie,Brown,12,2025,F,Unified HS,0,0
558145,Travis,Lamb,10,2026,F,Green HS,1,1
373000,Deborah,Howard,11,2026,F,Wood HS,0,0
549223,Tiffany,White,12,2028,M,Green HS,0,1
660742,Andre,Wells,12,2028,F,Wood HS,0,1
752987,Michael,Alvarado,10,2028,M,Green HS,1,1
165297,Jeffery,Zimmerman,11,2025,M,Wood HS,1,1
343416,Kevin,Smith,12,2026,M,Unified HS,0,0
725766,Amy,Walker,11,2027,M,Green HS,1,1
986756,Kyle,Wilcox,12,2025,M,Green HS,1,1
827797,Rebekah,Huff,12,2025,M,Unified HS,1,0
794220,Annette,Ramirez,12,2028,M,Wood HS,1,1
701059,Travis,Johnson,9,2025,F,Green HS,0,1
399338,Robert,Hurst,11,2026,F,Unified HS,0,0
786671,Maria,Randolph,11,2026,M,Wood HS,0,1
210945,Tracie,Anderson,11,2026,M,Wood HS,1,1
339891,Erika,Patrick,10,2027,F,Green HS,0,0
332894,David,Walter,12,2025,F,Unified HS,0,0
502345,Ashley,Ramos,11,2028,F,Unified HS,0,0
541961,Edward,Lynch,11,2025,M,Wood HS,1,0
314666,Robert,Miller,11,2025,F,Wood HS,0,0
340252,Brenda,Nicholson,11,2025,F,Wood HS,0,0
731416,Caroline,Gutierrez,10,2027,F,Unified HS,0,0
467796,Louis,Beck,10,2026,M,Green HS,0,0
829804,Daniel,Ramsey,10,2025,F,Wood HS,1,1
829006,Gregory,Williams,9,2026,M,Unified HS,0,1
517871,Sara,Johnson,12,2028,M,Unified HS,0,1
332453,Lauren,Richardson,12,2027,F,Unified HS,0,1
821125,Joseph,Wilson,12,2025,F,Green HS,0,1
381717,Tonya,Lopez,12,2028,F,Wood HS,0,1
281567,Ricardo,Smith,9,2025,F,Unified HS,1,0
392997,Brooke,Garcia,9,2026,F,Unified HS,0,0
782795,Vanessa,Taylor,9,2025,F,Green HS,1,0
194751,Brian,Price,10,2026,M,Wood HS,0,0
449312,Lawrence,Cook,9,2026,F,Green HS,0,0
934551,Kathleen,Baker,11,2028,M,Unified HS,0,1
473962,Mary,Graves,9,2028,M,Wood HS,0,0
788113,Joe,Estrada,12,2025,F,Green HS,0,1
957105,Cassandra,Barry,11,2028,F,Green HS,1,0
337971,Emily,Rogers,11,2027,M,Unified HS,1,0
495169,John,Thornton,10,2025,M,Unified HS,1,1
217395,Barry,Bradley,10,2027,M,Green HS,1,0
161401,Jose,Contreras,10,2025,M,Wood HS,0,1
415508,Daniel,Baldwin,12,2027,M,Wood HS,0,1
721387,Kayla,Gomez,11,2025,M,Wood HS,1,0
717440,Justin,Paul,10,2028,M,Unified HS,0,0
668987,Jessica,Bartlett,9,2028,M,Unified HS,0,1
914782,Gina,Cowan,11,2026,M,Wood HS,1,1
510023,Kevin,Williams,9,2026,M,Wood HS,1,0
970866,Ruben,Cervantes,9,2025,F,Unified HS,0,0
874129,Tyler,Matthews,9,2028,F,Wood HS,0,0
917641,Timothy,Byrd,12,2028,M,Wood HS,0,1
682023,Jonathan,Gallagher,10,2027,F,Green HS,0,0
185686,Cheyenne,Avila,10,2026,M,Green HS,0,0
817807,Christian,Alvarez,11,2027,M,Green HS,0,0
638754,Valerie,Howard,11,2026,M,Green HS,0,0
802013,Anthony,Scott,9,2026,F,Green HS,1,0
393620,Cheyenne,Stewart,10,2026,F,Green HS,1,0
612258,Carlos,Jensen,12,2025,M,Wood HS,0,1
237230,Don,Hahn,9,2026,M,Green HS,0,0
483357,Abigail,Brown,10,2028,F,Unified HS,1,1
341667,Lisa,Keith,10,2025,M,Wood HS,0,0
250453,Stephanie,Washington,12,2027,M,Green HS,1,0
458445,Bruce,Robinson,9,2026,M,Wood HS,0,1
872760,Michael,Jones,9,2026,M,Unified HS,0,0
549635,Robert,Davis,10,2027,F,Wood HS,0,0
816395,Robert,Sanders,10,2028,M,Unified HS,1,0
951325,Christopher,Camacho,12,2028,F,Wood HS,1,1
797417,Amanda,Collins,9,2026,M,Wood HS,1,0
820593,William,Gross,12,2027,M,Green HS,0,1
788208,Eric,Willis,9,2028,F,Green HS,0,1
184223,Angela,Gross,10,2027,F,Unified HS,0,1
365304,Jennifer,Hill,9,2025,M,Unified HS,1,1
409338,James,Chambers,9,2028,F,Wood HS,0,1
892929,Gail,Thomas,11,2028,M,Green HS,1,1
913149,Ruben,Roach,12,2025,M,Unified HS,1,1
251223,Brittany,Gutierrez,11,2027,M,Unified HS,1,0
647919,Erica,French,12,2025,F,Green HS,1,1
901774,Russell,Brennan,12,2027,M,Unified HS,1,1
409450,Tiffany,Kelly,9,2025,M,Green HS,0,0
376455,Michael,Lee,10,2026,M,Green HS,0,0
582842,Brian,Rivera,12,2026,M,Wood HS,0,1
935740,Abigail,Lee,10,2025,M,Green HS,1,0
535511,Joshua,Blackwell,11,2027,M,Unified HS,0,0
193157,Michael,Alexander,11,2025,M,Unified HS,0,1
384808,Tammie,Benson,11,2026,F,Unified HS,0,0
705277,Teresa,Olson,10,2028,F,Wood HS,0,1
105806,Brandi,Foster,12,2027,F,Unified HS,1,0
714267,Patricia,Pearson,10,2026,F,Wood HS,0,1
336670,Jennifer,Hernandez,12,2027,M,Wood HS,1,1
278206,Sarah,Mitchell,9,2025,F,Wood HS,1,0
155524,Dana,Foley,12,2027,M,Green HS,0,0
905760,Lynn,Allen,12,2027,F,Unified HS,1,0
104751,Jared,Brown,11,2026,M,Unified HS,1,1
419651,Selena,Stone,10,2025,F,Green HS,1,1
460468,Amanda,Martin,9,2027,M,Green HS,1,1
152265,Tina,Mata,11,2028,M,Wood HS,0,1
661081,Brianna,Scott,9,2025,M,Green HS,0,1
669490,Aaron,Blanchard,12,2028,M,Green HS,1,1
934184,Jessica,Morales,10,2025,M,Unified HS,1,0
516422,Elizabeth,Harris,10,2025,M,Green HS,0,0
404132,Jennifer,Johnson,10,2028,F,Green HS,1,1
996844,Charles,Davis,9,2028,M,Wood HS,0,0
887196,Anthony,Stout,11,2028,M,Unified HS,1,1
163558,Melissa,Johnston,11,2026,F,Wood HS,1,0
